csv_idx	CSD Reference Code	Compound Name	SF Driving Force	GapC	ETC	DFC	VBdispC	CBdispC	Hab	GapS	ETS	DFS	IPS	EAS	PolarTensorS	AtomNumC	RhoC	EpsilonC	MolWtS	Relexation Package	DFT Descriptor Calculation K-Grid	GW Coarse K-point Grid	BSE Fine K-point Grid	GWBSE_EsC	GWBSE_EtC	GWBSE_DeltaEstC	GW_EpsilonC	GW_QP_VBM	GW_QP_CBM	Unnamed: 4	GW_QP_BandGap	Singlet_binding	Triplet_binding
0	ABECAL	9-(4-biphenyl)cyclopenta[a]phenalene 	-0.4854155	1.13712	1.178138748	-1.219157496	0.07127	0.07828	0.023026667	1.30006554	1.203973236	-1.107880932	6.395570616	1.755987423	901.067	184	0.793748576	3.191412427	354	CASTEP	4 x 4 x 1	4 x 4 x 1	8 x 8 x 2	2.1356259	1.3105207	0.8251051999999999		1.4883	4.1854		2.6971	0.5614740999999999	1.3865792999999997
1	ANTCEN	Anthracene	-0.6346781	1.95118	1.964431885	-1.97768377	0.217	0.25799	0.025496667	2.3216528	1.975026793	-1.628400786	7.082050878	0.596633521	450.928	48	0.749904862	3.001917481	178	FHI-aims	4 x 4 x 2	4 x 4 x 2	8 x 8 x 4	3.2168041	1.9257411	1.291063	5.653274235	0.58911	4.3507		3.76159	0.5447858999999999	1.8358489
2	BEANTR	1,2-Benzanthracene 	-1.1674743	2.0243	2.188501347	-2.352702694	0.2651	0.2408	0.030196667	2.49585562	2.184921515	-1.87398741	7.002177143	0.672596301	576.036	60	0.741438725	2.938142534	228	FHI-aims	4 x 4 x 2	4 x 4 x 2	8 x 8 x 4	3.2670943	2.2172843	1.04981	4.14687255848281	0.53977	4.542		4.00223	0.7351356999999998	1.7849456999999997
3	BENZEN	Benzene	-2.9085663	4.3761	4.50778927	-4.63947854	0.30191	0.24725	0.027373333	5.11245322	4.366762316	-3.621071412	9.260431022	-1.26165544	198.704	48	0.635486702	3.003321315	78	FHI-aims	4 x 4 x 4	4 x 4 x 4	8 x 8 x 8	4.8282489	3.8684076	0.9598413000000003	3.064329233	-1.9709	5.0437		7.014600000000001	2.1863511000000004	3.1461924000000008
4	BIFUOR	9,9'-Bifluorenyl 	-2.3953025	2.99476	3.168757521	-3.342755042	0.18199	0.29375	0.03994	3.49494819	3.331410977	-3.167873764	7.123707964	0.295454613	833.552	176	0.744847862	3.438733559	330	CASTEP	2 x 2 x 4	2 x 2 x 4	4 x 4 x 8	4.4139433	3.4046229	1.0093203999999996	3.630609699	-0.21278	5.1155		5.32828	0.9143367000000007	1.9236571000000002
5	BIGJUX	9,10,11,20,21,22-Hexaphenyltetrabenzo(a,c,l,n)pentacene 	-0.8421933	1.38582	1.368664359	-1.351508718	0.02324	0.03117	0.005723333	1.47056639	1.305848677	-1.141130964	5.760781537	1.812202145	2349.595	480	0.76362052	3.038544241	934	CASTEP	2 x 2 x 2	2 x 2 x 2	4 x 4 x 4	2.6143437	1.7282685	0.8860752000000001	5.18329849501848	1.4975	4.4736		2.9761	0.36175630000000014	1.2478315000000002
6	BIPHEN	Biphenyl	-1.301895	3.20463	3.225683088	-3.246736176	0.2164	0.34705	0.02256	3.54326264	3.188615872	-2.833969104	7.831063472	-0.085396099	393.383	44	0.714323203	2.887370424	154	CASTEP	4 x 4 x 4	4 x 4 x 4	8 x 8 x 8	3.4126252	2.3572601	1.0553651	3.71613730841195	-0.5297	4.1831		4.7128	1.3001747999999997	2.3555398999999997
7	BNPERY	1,12-Benzoperylene 	-0.9846213	2.09305	2.145211944	-2.197373888	0.10898	0.09404	0.02305	2.34946445	2.103400513	-1.857336576	6.820110509	0.837910565	687.437	136	0.81162796	3.759170062	276	FHI-aims	2 x 2 x 4	2 x 2 x 4	4 x 4 x 8	2.8045423	1.8945818	0.9099605	5.5354366268513	1.713	4.9343		3.2213000000000003	0.41675770000000023	1.3267182000000002
8	BNPYRE10	Benzo(a)pyrene 	-1.0672208	1.733	1.871856474	-2.010712948	0.15216	0.54339	0.022276667	2.2178684	1.930209965	-1.64255153	6.77003363	0.842513832	634.271	128	0.814769314	3.242602659	252	CASTEP	8 x 1 x 2	8 x 1 x 2	16 x 2 x 4	2.9755384	2.0213796	0.9541588000000001	4.9137659841382	1.3495	4.671		3.3215000000000003	0.3459616000000003	1.3001204000000004
9	BOXGAW	Anthra(2,1,9,8-hijkl)benzo(de)naphtho(2,1,8,7-stuv)pentacene 	-0.8887836	1.02513	1.065145348	-1.105160696	0.28557	0.33577	0.05852	1.39804775	1.203901057	-1.009754364	5.984715875	1.680263201	1177.731	224	0.895941714	4.31977875	474	CASTEP	1 x 8 x 1	1 x 8 x 1	2 x 16 x 2	2.1008305	1.4767038	0.6241266999999999	7.693819707	2.9983	5.1117		2.1134	0.012569500000000122	0.6366962
10	BZPHAN	Benzo(c)phenanthrene 	-1.9023924	2.57503	2.577259485	-2.57948897	0.21214	0.16599	0.041533333	2.92327649	2.633343694	-2.343410898	7.221897653	0.449512884	576.233	120	0.76058179	3.026866864	228	FHI-aims	2 x 2 x 4	2 x 2 x 4	4 x 4 x 8	3.3788514	2.6406219	0.7382294999999996	5.05784286916376	0.60798	4.9955		4.38752	1.0086686000000005	1.7468981000000001
11	CARREU	9,11,16,18-Tetraphenyldibenzo[de,yz]hexacene 	-0.452522	1.05262	1.030695156	-1.008770312	0.04114	0.0996	0.02496	1.28782772	1.055965004	-0.824102288	5.785439856	1.719978904	1781.54	180	0.755257676	2.997511074	1414	CASTEP	4 x 2 x 1	4 x 2 x 1	8 x 4 x 2	2.1575	1.305	0.8525000000000003	4.168856293	1.5226	4.0692		2.5466000000000006	0.38910000000000045	1.2416000000000007
12	CENXUO	cis-1,8-bis(1-Pyrenyl)-naphthalene 	-1.4431317	2.19228	2.188131266	-2.183982532	0.0489	0.06443	0.01287	2.32034633	2.167342707	-2.014339084	6.346163001	0.959523592	1324.192	264	0.798209007	3.6951989	528	CASTEP	1 x 2 x 2	1 x 2 x 2	2 x 4 x 4	3.3207103	2.381921	0.9387892999999998	4.71379819602505	1.3544	5.3653		4.0109	0.6901897000000004	1.6289790000000002
13	CENYAV	trans-1,8-bis(1-Pyrenyl)-naphthalene 	-1.1894472	2.11966	2.168731464	-2.217802928	0.07807	0.07821	0.011733333	2.32874063	2.127787624	-1.926834618	6.320618037	1.013534514	1326.637	132	0.767087891	3.046543697	528	CASTEP	4 x 2 x 2	4 x 2 x 2	8 x 4 x 4	3.2357754	2.2126113	1.0231641000000002	4.61638984936234	0.78391	4.745		3.96109	0.7253145999999999	1.7484787000000002
14	CENYEZ	1,8-bis(2-Pyrenyl)-naphthalene 	-1.6225088999999997	2.15023	2.197402977	-2.244575954	0.11569	0.06149	0.01646	2.38626347	2.227039244	-2.067815018	6.443265725	1.015630193	1325.986	264	0.796095027	3.167006046	528	FHI-aims	2 x 2 x 1	2 x 2 x 1	4 x 4 x 2	3.4019093	2.5129692	0.8889400999999997	3.248059773	1.3568	5.512		4.1552	0.7532907	1.6422307999999997
15	CEQGEL	Benzo(e)pyrene 	-1.6712705	2.3321	2.352734111	-2.373368222	0.07799	0.09168	0.069403333	2.76593519	2.461214408	-2.156493626	7.077743955	0.541660196	631.049	128	0.791672874	3.117740156	252	CASTEP	2 x 2 x 2	2 x 2 x 2	4 x 4 x 4	3.3634875	2.517379	0.8461085000000002	3.91156141810127	1.0124	5.1355		4.123100000000001	0.7596125000000007	1.6057210000000008
16	CORANN12	Dibenzo(ghi:mno)fluoranthene 	-2.4434438	2.59671	2.67221737	-2.74772474	0.04633	0.05478	0.027353333	3.01031013	2.859941708	-2.709573286	7.630273314	0.693269325	615.723	240	0.827377091	3.221796508	250	CASTEP	2 x 2 x 2	2 x 2 x 2	4 x 4 x 4	3.4725678	2.9580058	0.5145620000000002	4.793597448	0.74025	5.2389		4.4986500000000005	1.0260822000000003	1.5406442000000005
17	CORONE01	Coronene	-2.0385959	2.38216	2.496015188	-2.609870376	0.33102	0.17834	0.027213333	2.87641017	2.641101484	-2.405792798	7.024729927	0.595440249	742.167	72	0.837556386	3.889899875	300	CASTEP	2 x 8 x 4	2 x 8 x 4	4 x 16 x 8	2.9635309	2.5010634	0.4624674999999998	6.78436157431321	1.5341	5.1579		3.6237999999999997	0.6602690999999998	1.1227365999999996
18	CORXAI10	Dibenzo(a,rst)naphtho(8,1,2-cde)pentaphene 	-1.0193164	1.39752	1.408447336	-1.419374672	0.12018	0.38739	0.0115	1.68891991	1.488923289	-1.288926668	6.173896295	1.441415712	1066.427	208	0.875969218	4.233726686	426	CASTEP	1 x 8 x 2	1 x 8 x 2	2 x 16 x 4	2.4150578	1.7171871	0.6978707	2.94288041174644	2.4835	5.2595		2.7760000000000002	0.3609422000000002	1.0588129000000002
19	CRYSEN01	Chrysene	-2.0097322	2.41607	2.628832697	-2.841595394	0.38621	0.26792	0.0435	2.96249776	2.681416385	-2.40033501	7.192155551	0.400435949	576.457	120	0.776715202	3.641015627	228	FHI-aims	1 x 4 x 4	1 x 4 x 4	2 x 8 x 8	3.6552724	2.8325023	0.8227701000000001	6.060170087	0.58322	4.8522		4.26898	0.6137076000000001	1.4364777000000002
20	DBNTHR02	Dibenz(a,h)anthracene 	-1.7737143	2.34285	2.334918521	-2.326987042	0.05845	0.1817	0.00609	2.62999562	2.361537712	-2.093079804	6.925400858	0.735666128	701.173	144	0.77122269	3.067309133	278	FHI-aims	4 x 2 x 2	4 x 2 x 2	8 x 4 x 4	3.2362545	2.5049844	0.7312700999999997	2.9335718859293	0.66309	4.8617		4.19861	0.9623555000000006	1.6936256000000003
21	DBPERY	2,3-8,9-Dibenzoperylene 	-1.2052263	1.56823	1.682740356	-1.797250712	0.18855	0.43531	0.020506667	1.97622337	1.761828378	-1.547433386	6.454415616	1.193387893	882.382	176	0.835639249	3.961356503	352	CASTEP	2 x 4 x 1	2 x 4 x 1	4 x 8 x 2	2.7618301	1.9835282	0.7783019	4.54813090857324	1.9651	5.0071		3.0420000000000003	0.2801699000000002	1.0584718000000002
22	DBPHEN02	(5)Helicene 	-2.212416	2.36323	2.517066111	-2.670902222	0.29889	0.1831	0.04892	2.89426704	2.685000768	-2.475734496	7.062221626	0.535201206	700.989	144	0.774091069	3.077811357	278	FHI-aims	4 x 2 x 2	4 x 2 x 2	8 x 4 x 4	3.1756736	2.6940448	0.4816288000000002	5.4402817518548	0.95574	5.1009		4.145160000000001	0.9694864000000005	1.4511152000000007
23	DBZCOR	1,2:7,8-Dibenzocoronene 	-1.6698744000000003	1.86136	1.991139147	-2.120918294	0.12101	0.4456	0.018556667	2.32094729	2.126034981	-1.931122672	6.551211343	1.058190126	990.264	192	0.878092671	3.460587003	400	CASTEP	1 x 4 x 2	1 x 4 x 2	2 x 8 x 4	2.913633	2.2917537	0.6218792999999998	4.95930481928332	1.8404	5.0678		3.2274000000000003	0.31376700000000035	0.9356463000000002
24	DNAPAN	Dinaphtho(1,2-a:1',2'-h)anthracene 	-1.3833422	1.84295	1.926462373	-2.009974746	0.06899	0.19067	0.016833333	2.19401479	1.977694268	-1.761373746	6.521664515	1.174157846	952.487	192	0.790114335	3.133036736	378	CASTEP	4 x 2 x 2	4 x 2 x 2	8 x 4 x 4	2.9664736	2.1749079	0.7915657	5.36046946065354	2.2533	5.291		3.0377000000000005	0.07122640000000047	0.8627921000000005
25	DPANTR01	9,10-Diphenylanthracene 	-0.6715387	1.90796	1.923556889	-1.939153778	0.20743	0.14199	0.02261	2.1696852	1.848845392	-1.528005584	6.634973002	0.843218574	840.457	176	0.744865923	2.997518953	330	FHI-aims	2 x 2 x 2	2 x 2 x 2	4 x 4 x 4	3.4440651	2.0578019	1.3862632000000001	4.4819745761656	0.45005	4.309		3.85895	0.4148849000000001	1.8011481000000003
26	DUPHAX	Dibenzo(def,i)naphtho(1,8,7-v,w,x)pyranthrene 	-0.9233253	1.14115	1.188769801	-1.236389602	0.20029	0.23621	0.045783333	1.44625679	1.27772346	-1.10919013	5.969384399	1.692821516	1299.064	248	0.883259506	3.480783029	524	FHI-aims	1 x 1 x 8	1 x 1 x 8	2 x 2 x 16	2.1272081	1.5252667	0.6019413999999998	5.22844610598896	2.3694	5.0674		2.698	0.5707919000000001	1.1727333
27	FACPEE	9,18-Diphenyltetrabenz(a,c,h,j)anthracene 	-2.4354753	2.45926	2.483957943	-2.508655886	0.03013	0.03543	0.021303333	2.65331833	2.458363656	-2.263408982	6.595567618	1.006793799	1334.722	272	0.770369001	3.062708875	530	CASTEP	2 x 4 x 2	2 x 4 x 2	4 x 8 x 4	3.1965865	2.8160309	0.3805556000000001	3.29687408354904	0.87334	5.1483		4.27496	1.0783735	1.4589291000000002
28	FLUANT02	Fluoranthene	-1.5823534	2.35803	2.401728412	-2.445426824	0.04276	0.13135	0.034223333	2.71088037	2.441830192	-2.172780014	7.53026524	0.754521917	511.136	208	0.754016449	3.007388166	202	CASTEP	2 x 4 x 2	2 x 4 x 2	4 x 8 x 4	3.4239506	2.503152	0.9207985999999999	3.972533248	0.53168	4.7926		4.2609200000000005	0.8369694000000005	1.7577680000000004
29	FOVVOB	1,2,3,4-Tetraphenylbenzene 	-2.8833195	3.20712	3.270299854	-3.333479708	0.05135	0.11784	0.01021	3.46818678	3.236380161	-3.004573542	7.11469995	0.375915755	973.332	208	0.723631141	3.340036465	382	CASTEP	1 x 4 x 4	1 x 4 x 4	2 x 8 x 8	4.5595593	3.7214394	0.8381199000000001	4.16982432128759	-0.02057	5.2396		5.2601700000000005	0.7006107000000004	1.5387306000000005
30	GUQZUP	trinaphtho[1,2,3,4-fgh:1',2',3',4'-pqr:1'',2'',3'',4''-za1b1]trinaphthylene 	-1.9164704	2.04405	2.098778138	-2.153506276	0.08956	0.11187	0.01478	2.29605164	2.169174104	-2.042296568	6.322900813	1.302809788	1490.939	144	0.88025876	3.50148982	1201	CASTEP	2 x 4 x 2	2 x 4 x 2	4 x 8 x 4	2.6436	2.28	0.36360000000000037	6.66226045185939	1.8196	5.1737		3.3541	0.7104999999999997	1.0741
31	HBZCOR	Hexabenzo(bc,ef,hi,kl,no,qr)coronene 	-1.7451777	1.66124	1.915030934	-2.168821868	0.43506	0.30504	0.10929	2.47079351	2.329953931	-2.189114352	6.496712267	1.176679933	1278.464	120	0.934626096	4.580154116	522	CASTEP	2 x 4 x 2	2 x 4 x 2	4 x 8 x 4	2.7043627	2.2247702	0.47959249999999987		2.6019	5.4757		2.8737999999999997	0.1694372999999998	0.6490297999999997
32	HPHBNZ03	Hexaphenylbenzene 	-3.9462828	3.47416	3.584801036	-3.695442072	0.08255	0.09059	0.027856667	3.82688205	3.688657229	-3.550432408	6.954614709	0.266755806	1353.598	288	0.727688302	2.91369162	534	CASTEP	2 x 2 x 1	2 x 2 x 1	4 x 4 x 2	4.9587784	4.4525306	0.5062477999999997	3.69535874898838	-0.22794	5.6488		5.87674	0.9179615999999999	1.4242093999999996
33	IZUCIP	4,5-Diphenyl-benzo(e)pyrene 	-1.819646	2.33334	2.367098101	-2.400856202	0.04621	0.09707	0.050093333	2.68568337	2.399026588	-2.112369806	6.746861239	0.714534149	1017.834	208	0.80162552	3.766089671	404	CASTEP	2 x 4 x 2	2 x 4 x 2	4 x 8 x 4	3.2439752	2.5318106	0.7121645999999999	4.34836543688026	1.2941	5.3151		4.021	0.7770248	1.4891893999999999
34	JULSOY	Tribenzo(a,h,rst)phenanthra(1,2,10-cde)pentaphene 	-1.1466002	1.31764	1.373293235	-1.42894647	0.10402	0.06322	0.03428	1.61466387	1.448506065	-1.28234826	6.040023354	1.621687838	1314.205	256	0.852981221	4.042865768	526	CASTEP	1 x 4 x 2	1 x 4 x 2	2 x 8 x 4	2.283363	1.7149816	0.5683814	2.94934399563571	2.4507	5.2595		2.8088	0.5254370000000002	1.0938184000000002
35	KAFVUI	Dibenzo(a,l)pyrene 	-1.1377805	1.92366	1.977847158	-2.032034316	0.03444	0.38565	0.00935	2.23492982	1.973492979	-1.712056138	6.696324408	0.934479447	756.891	155	0.840797746	3.345396586	302	CASTEP	8 x 2 x 2	8 x 2 x 2	16 x 4 x 4	2.9792467	2.0585136	0.9207331000000001	4.54663732078656	1.5326	5.0394		3.5067999999999997	0.5275532999999997	1.4482863999999998
36	KAGFOP	7,14-Diphenyldibenzo[de,mn]naphthacene 	-0.2377614	1.09353	1.076752492	-1.059974984	0.07499	0.11589	0.023823333	1.33698581	1.106691383	-0.876396956	5.975616318	1.484940644	1148.307	232	0.764639447	3.047545763	454	FHI-aims	2 x 2 x 2	2 x 2 x 2	4 x 4 x 4	2.2233214	1.2305414	0.9927800000000002	3.69133067377786	1.7108	4.357		2.6462000000000003	0.4228786000000002	1.4156586000000004
37	KAGFUV	11-Phenylbenzo[a]naphtho[2,1,8-cde]perylene 	-0.6541934	1.3011	1.326198619	-1.351297238	0.07058	0.07742	0.01299	1.48659596	1.273899675	-1.06120339	6.063782726	1.482704107	1132.57	448	0.809105308	3.204886324	452	CASTEP	2 x 2 x 1	2 x 2 x 1	4 x 4 x 2	2.4141678	1.5341806	0.8799872	4.85014051889408	2.2432	5.0868		2.8436000000000003	0.4294322000000004	1.3094194000000003
38	KAGGAC	7,14-bis(2,4,6-Trimethylphenyl)dibenzo[de,mn]naphthacene 	-0.4	1.2495	1.213423133	-1.177346266	0.03896	0.0904	0.010543333	1.40939581	1.178229859	-0.947063908	5.960282358	1.45648692	1401.108	152	0.719552634	2.946589916	538	FHI-aims	4 x 2 x 2	4 x 2 x 2	8 x 4 x 4	2.3715108	1.352335	1.0191757999999997	3.251622129	1.1879	4.0178		2.8299000000000003	0.4583892000000005	1.4775650000000002
39	KAGGEG	Dibenzo[de,mn]naphthacene 	0.026568519999999873	0.83777	0.876625334	-0.915480668	0.40131	0.21544	0.036736667	1.17397803	0.917936714	-0.661895398	6.133135995	1.537963997	760.616	76	0.845400362	4.050972956	302	FHI-aims	2 x 4 x 2	2 x 4 x 2	4 x 8 x 4	1.7970317	0.86269133	0.93434037	1.175698494	2.1191	4.1036		1.9845000000000002	0.18746830000000014	1.12180867
40	KAGGIK	7,14-Di-n-butyldibenzo[de,mn]naphthacene	0.04	1.23506	1.254442467	-1.273824934	0.09994	0.0829	0.02012	1.4437415	1.214651533	-0.985561566	6.054605835	1.363308271	1094.254	124	0.750691043	3.154171592	414	FHI-aims	2 x 2 x 4	2 x 2 x 4	4 x 4 x 8	2.3487891	1.312613	1.0361760999999998	3.950687206	1.3796	4.1017		2.7221	0.37331090000000033	1.4094870000000002
41	KAQLEV	Tribenzo[a,c,f]tetraphene 	-1.2954824	1.93488	2.001125128	-2.067370256	0.35213	0.08189	0.033073333	2.25961102	2.024051688	-1.788492356	6.545400092	1.06192785	949.736	96	0.845114176	3.390203686	757	CASTEP	8 x 2 x 2	8 x 2 x 2	16 x 4 x 4	2.9906	2.143	0.8476000000000004	6.40872139283001	1.7364	5.1386		3.4022000000000006	0.4116000000000004	1.2592000000000008
42	KECLAH	9,11,13,22,24,26-Hexaphenyltetrabenzo[de,rs,wx,k1l1]nonacene 	-0.10350622	0.70033	0.669761708	-0.639193416	0.06576	0.10035	0.0052	0.81305114	0.615054059	-0.417056978	5.335969055	2.185051492	2720.444	272	0.778944866	3.079609565	2167	CASTEP	4 x 1 x 2	4 x 1 x 2	8 x 2 x 4	1.6904	0.897	0.7933999999999999		1.8908	3.8265		1.9356999999999998	0.24529999999999985	1.0386999999999997
43	KEGHEJ01	Cyclopent(fg)acenaphthylene 	-0.6450667	0.97361	1.213382734	-1.453155468	0.21243	0.62176	0.032376667	1.48636076	1.29063487	-1.09490898	7.202534422	1.352735579	443.958	44	0.787444705	3.6297586	176	CASTEP	2 x 4 x 4	2 x 4 x 4	4 x 8 x 8	2.0847079	1.3648873	0.7198206000000003	6.373985684	0.54364	3.4139		2.87026	0.7855520999999999	1.5053727000000001
44	KIDJUD03	1,2,4,5-Tetraphenylbenzene 	-2.4052646	3.1591	3.158864236	-3.158628472	0.23719	0.19385	0.02007	3.42816705	3.204620823	-2.981074596	7.03035302	0.402092835	978.123	52	0.725047015	2.924365464	382	CASTEP	4 x 4 x 2	4 x 4 x 2	8 x 8 x 4	4.3955126	3.4003886	0.9951240000000001	3.79300091237922	-0.60707	4.7023		5.30937	0.9138574000000004	1.9089814000000005
45	KUBVUY	10,10'-Diphenyl-9,9'-bianthryl 	-1.1191868	1.99075	1.849404298	-1.708058596	0.07837	0.01859	0.011436667	2.20899656	2.041016592	-1.873036624	6.389196059	1.165402231	1286.169	264	0.717084158	2.859561351	506	CASTEP	4 x 1 x 2	4 x 1 x 2	8 x 2 x 4	3.2323888	2.1757878	1.0566009999999997	4.1329845755598	0.54672	4.5467		3.9999800000000003	0.7675912000000005	1.8241922000000002
46	KUBWAF01	9,9'-Bianthracenyl 	-0.9622893	1.81304	1.93511983	-2.05719966	0.09457	0.12923	0.026666667	2.21464589	2.039217303	-1.863788716	6.549938741	1.07937064	895.321	184	0.767610865	3.071155053	354	CASTEP	2 x 4 x 2	2 x 4 x 2	4 x 8 x 4	3.0464575	2.0043734	1.0420840999999998	4.3057531734006	0.87407	4.6058		3.73173	0.6852725000000004	1.7273566000000002
47	KUZXUA	Dibenzo[a,d]coronene 	-1.6294748	1.98991	2.068120999	-2.146331998	0.1909	0.23058	0.02592	2.3234506	2.127962413	-1.932474226	6.565799609	1.055489166	990.877	96	0.891011689	3.535812629	801	CASTEP	4 x 2 x 2	4 x 2 x 2	8 x 4 x 4	2.803	2.2162	0.5867999999999998	5.02910779194733	1.8122	5.227		3.4148000000000005	0.6118000000000006	1.1986000000000003
48	LIMCUF	p-Septiphenyl 	-1.8808453	1.93768	2.034312847	-2.130945694	0.12507	0.35821	0.010293333	2.18355567	2.069791066	-1.956026462	6.164210955	1.584642854	1369.234	144	0.798213536	3.845883767	534	FHI-aims	1 x 4 x 4	1 x 4 x 4	2 x 8 x 8	3.0899847	2.485415	0.6045696999999999	3.88691133156429	1.1891	4.8065		3.6174	0.5274152999999999	1.1319849999999998
49	NAPANT01	Tetrabenzo(de,hi,op,st)pentacene 	-0.2742469	0.81726	0.879225528	-0.941191056	0.15041	0.11591	0.02301	1.05831332	0.869062947	-0.679812574	5.865702997	1.77714729	1067.301	104	0.851472861	4.03458698	426	CASTEP	2 x 4 x 2	2 x 4 x 2	4 x 8 x 4	1.7437359	1.0089914	0.7347444999999999	3.05950865832769	2.3848	4.385		2.0002	0.2564641000000001	0.9912086
50	OBOHUL	7,15-bis(4-t-butylphenyl)-1,9-dimethylheptazethrene 	0.14	0.81548	0.732012442	-0.648544884	0.15269	0.16624	0.012196667	0.98345348	0.73316233	-0.48287118	5.526237295	1.683007463	1688.271	94	0.720987963	2.974841854	322	FHI-aims	4 x 4 x 2	4 x 4 x 2	8 x 8 x 4	1.8024029	0.84	0.9624029	3.46159093945256	1.3019	3.5142		2.2123	0.4098971	1.3723
51	OVALEN01	Ovalene	-1.0937916	1.69062	1.711223614	-1.731827228	0.27175	0.15215	0.02349	1.93557942	1.723425217	-1.511271014	6.386257004	1.275350435	978.165	92	0.890904158	4.221137411	398	FHI-aims	2 x 8 x 2	2 x 8 x 2	4 x 16 x 4	2.594562	1.8441768	0.7503851999999998	5.40660961776125	2.2393	5.233		2.9936999999999996	0.39913799999999977	1.1495231999999995
52	PENCEN	Pentacene	-0.22090348	0.64213	0.77366119	-0.90519238	0.20731	0.28752	0.038096667	1.13732901	0.870996301	-0.604663592	6.1534529	1.581241329	703.509	72	0.804047554	3.810192314	278	CASTEP	4 x 4 x 2	4 x 4 x 2	8 x 8 x 4	1.7222853	0.97159439	0.75069091	8.259798696	1.8832	3.8126		1.9294000000000002	0.2071147000000002	0.9578056100000002
53	PERLEN05	Perylene	-0.75	1.45177	1.582200813	-1.712631626	0.04803	0.28718	0.03611	1.86593678	1.606872549	-1.347808318	6.623335151	1.035309212	633.487	128	0.836083434	3.345156156	252	CASTEP	2 x 2 x 2	2 x 2 x 2	4 x 4 x 4	2.61	1.68	0.9299999999999999	4.83641508558799	1.6064	4.7033		3.0968999999999998	0.4868999999999999	1.4168999999999998
54	PERLEN07	Perylene	-0.6444379	1.34019	1.525431874	-1.710673748	0.54275	0.32596	0.049203333	1.86204144	1.602910096	-1.343778752	6.622221641	1.03799931	633.463	64	0.84609077	3.405227426	252	FHI-aims	4 x 4 x 2	4 x 4 x 2	8 x 8 x 4	2.4542657	1.5493518	0.9049139000000002	4.51250792367678	1.759	4.5755		2.8165	0.3622342999999999	1.2671482
55	PEZPIU	1-(acenaphthylen-1-yl)-2,2-binaphthalene 	-1.4410334	1.8442	1.95868672	-2.07317344	0.13179	0.06286	0.017066667	2.05212179	1.979487734	-1.906853678	6.645333164	1.29554932	1026.563	208	0.755580981	3.461697941	404	CASTEP	2 x 1 x 4	2 x 1 x 4	4 x 2 x 8	3.0631178	2.2520756	0.8110422000000002	4.73641973048629	0.69959	4.4726		3.7730099999999998	0.7098921999999996	1.5209343999999998
56	PEZPUG	1,2-bis(naphthalen-1-yl)acenaphthylene 	-1.4063877	1.8275	1.917839641	-2.008179282	0.14899	0.04377	0.051376667	2.05124008	1.970383514	-1.889526948	6.645859022	1.252484631	1031.151	208	0.780592356	3.157019377	404	CASTEP	2 x 4 x 2	2 x 4 x 2	4 x 8 x 4	2.9610907	2.1837392	0.7773515	5.10168863200914	0.96691	4.6696		3.70269	0.7415992999999999	1.5189507999999998
57	PHNAPH	5,6-11,12-Diphenylenenaphthacene 	-0.3989044	0.82855	0.932445927	-1.036341854	0.30635	0.35923	0.029133333	1.20502244	1.005394306	-0.805766172	6.547117972	2.108827773	945.495	92	0.838170274	3.329241061	376	FHI-aims	2 x 4 x 2	2 x 4 x 2	4 x 8 x 4	1.6139542	1.0064293	0.6075249	6.18005378147081	1.8789	3.7537		1.8747999999999998	0.2608457999999998	0.8683706999999998
58	POBPIG	diindeno[1,2,3-cd:1',2',3'-lm]perylene 	-0.8010315000000001	1.20874	1.290381647	-1.372023294	0.02654	0.09289	0.05068	1.47725741	1.307050143	-1.136842876	6.498664396	1.929860699	1007.848	192	0.83568488	3.333495466	400	CASTEP	2 x 2 x 2	2 x 2 x 2	4 x 4 x 4	2.2104583	1.5057449	0.7047133999999999	4.11495317304832	1.5686	4.2394		2.6708	0.46034169999999985	1.1650550999999998
59	POBPIG06	diindeno[1,2,3-cd:1',2',3'-lm]perylene 	-0.747557899999999	1.2192	1.311565636	-1.403931272	0.26324	0.1982	0.022073333	1.47569422	1.305501643	-1.135309066	6.498442033	1.932276802	1008.199	96	0.778426156	3.069857647	400	CASTEP	4 x 4 x 2	4 x 4 x 2	8 x 8 x 4	2.1347726	1.413988	0.7207845999999998	9.75346739756017	1.2444	3.7417		2.4973	0.3625274000000003	1.083312
60	PUJQIV	2-(Naphthalen-2-yl)azulene 	-1.221587	1.60792	1.781500187	-1.955080374	0.21486	0.16319	0.04712	1.9728736	1.9040897	-1.8353058	6.871430001	1.200358931	656.166	68	0.766777951	3.13670104	254	FHI-aims	4 x 4 x 2	4 x 4 x 2	8 x 8 x 4	2.1162568	1.6689219	0.4473349	2.86568392779092	0.67119	4.1403		3.4691099999999997	1.3528531999999998	1.8001880999999997
61	PUNVEA	2',2''',3',3''',5',5''',6',6'''-Octaphenyl-p--quinquephenyl 	-3.913801	3.24522	3.276948831	-3.308677662	0.03487	0.03135	0.007266667	3.44675466	3.325466854	-3.204179048	6.437826774	0.66870383	2509.65	528	0.729032242	3.352753929	990	CASTEP	2 x 1 x 2	2 x 1 x 2	4 x 2 x 4	4.9386462	4.4262236	0.5124225999999998	3.11735929057244	0.073047	5.9337		5.860653	0.9220068000000001	1.4344294
62	PUNVIE	Pentaphenylbenzene	-2.6178759	3.18407	3.234425832	-3.284781664	0.05956	0.09963	0.019676667	3.4403678	3.226252986	-3.012138172	6.984526306	0.483707772	1165.489	124	0.721445526	2.899940029	458	CASTEP	2 x 2 x 2	2 x 2 x 2	4 x 4 x 4	4.3848871	3.5013815	0.8835056000000003	3.42074299085209	-0.49481	4.883		5.37781	0.9929228999999999	1.8764285000000003
63	PYRCEN	Pyracene	-1.5229962	2.69078	2.792580171	-2.894380342	0.52665	0.20622	0.049373333	3.17458046	2.797284004	-2.419987548	7.014245145	-0.506084105	462.413	52	0.784167771	3.856489488	180	CASTEP	2 x 4 x 4	2 x 4 x 4	4 x 8 x 8	3.948761	2.7358786	1.2128824000000002	3.57151536257496	0.91759	5.6176		4.700010000000001	0.7512490000000005	1.9641314000000007
64	PYRPYR10	Pyreno(1',2'.1,2)-pyrene 	-1.395927	1.873	1.912409841	-1.951819682	0.11175	0.06334	0.03669	2.15515556	1.919748765	-1.68434197	6.467732924	1.079094474	940.319	184	0.830449183	3.306474758	376	CASTEP	2 x 4 x 1	2 x 4 x 1	4 x 8 x 2	2.9649742	2.1804506	0.7845236	2.81602235114885	1.8416	5.4078		3.5662000000000003	0.6012258000000004	1.3857494000000004
65	QQQCIG04	Rubrene	-0.62	1.01556	1.148052713	-1.280545426	0.47995	0.25879	0.073426667	1.47848411	1.19254124	-0.90659837	6.07813343	1.422782835	1339.986	140	0.780602668	3.125107155	532	CASTEP	1 x 4 x 2	1 x 4 x 2	2 x 8 x 4	2.28	1.45	0.8299999999999998	4.851068114	1.626	4.172		2.546	0.266	1.0959999999999999
66	QQQCIG13	5,6,11,12-Tetraphenyltetracene	-0.24	1.34326	1.274193203	-1.205126406	0.0918	0.04267	0.00757	1.47849917	1.190262538	-0.902025906	6.073749221	1.41007755	1339.604	140	0.770150083	3.071925753	532	CASTEP	4 x 4 x 2	4 x 4 x 2	8 x 8 x 4	2.621927	1.2885855	1.3333415		1.1168	4.1296		3.0128	0.390873	1.7242145
67	QQQCIG14	5,6,11,12-Tetraphenyltetracene 	-0.53	1.17944	1.18974621	-1.20005242	0.43311	0.14759	0.037176667	1.50010978	1.209675844	-0.919241908	6.09856769	1.398801158	1338.566	70	0.779345328	3.118020978	532	CASTEP	4 x 4 x 2	4 x 4 x 2	8 x 8 x 4	2.2992229	1.2865313	1.0126916000000001		1.3333	4.0746		2.7413000000000003	0.4420771000000001	1.4547687000000002
68	QUATER10	Quaterrylene	-0.30585278	0.62756	0.704553312	-0.781546624	0.04828	0.15279	0.04114	0.92031922	0.76438495	-0.60845068	5.659014059	2.012273584	1252.679	240	0.893558729	3.586833984	500	CASTEP	2 x 2 x 2	2 x 2 x 2	4 x 4 x 4	1.3255102	0.81568149	0.5098287100000001		3.0876	4.7237		1.6360999999999999	0.3105897999999998	0.8204185099999999
69	QUPHEN	p-Quaterphenyl 	-1.7092404	2.34457	2.40130914	-2.45804828	0.13722	0.33793	0.01253	2.5973166	2.404226551	-2.211136502	6.781471358	0.971238243	784.28	84	0.755926873	3.055511834	306	CASTEP	4 x 4 x 2	4 x 4 x 2	8 x 8 x 4	3.5504337	2.6176055	0.9328282000000003	3.04533114208984	0.58871	4.8173		4.2285900000000005	0.6781563000000004	1.6109845000000007
70	QUPHEN01	p-Quaterphenyl 	-1.9831294	2.39894	2.498649803	-2.598359606	0.09672	0.18048	0.018853333	2.7068319	2.515670003	-2.324508106	6.818479951	0.895083471	784.585	168	0.78099569	3.236288487	306	FHI-aims	4 x 4 x 2	4 x 4 x 2	8 x 8 x 4	3.6993736	2.8412515	0.8581221000000001	3.4894102511836	0.67969	5.0023		4.32261	0.6232364000000001	1.4813585000000002
71	RAKGOA	Acenaphtho(3,2,1,8-fghij)picene 	-2.4500768	2.27602	2.380197073	-2.484374146	0.15163	0.16004	0.026183333	2.76361445	2.599833939	-2.436053428	7.116593693	0.950444505	865.504	336	0.878699687	3.472898052	350	FHI-aims	4 x 2 x 1	4 x 2 x 1	8 x 4 x 2	3.4005776	2.9253272	0.4752504000000002	2.82652942486971	1.6234	5.7401		4.1167	0.7161223999999997	1.1913728
72	REBWIE	4'-Phenyl-dibenzo(j,l)fluoroanthene 	-1.3961959	1.77077	1.838033652	-1.905297304	0.04442	0.12547	0.019563333	2.02824043	1.888695935	-1.74915144	6.703991246	1.267272591	954.85	192	0.803659291	3.208564317	378	CASTEP	2 x 2 x 2	2 x 2 x 2	4 x 4 x 4	2.7802993	2.0882476	0.6920516999999999	5.29403786501885	1.1684	4.5701		3.4017	0.6214007000000001	1.3134524
73	SANQII	1,2:3,4-Dibenzanthracene 	-1.4388007000000003	2.19687	2.270078817	-2.343287634	0.12857	0.12567	0.06898	2.61771303	2.310354245	-2.00299546	6.978917716	0.738691263	698.58	144	0.789828345	3.69571024	278	CASTEP	2 x 8 x 2	2 x 8 x 2	4 x 16 x 4	3.3342287	2.3865147	0.947714	5.237798207721	1.0545	5.0091		3.9546	0.6203713	1.5680853
74	SETTES	Tetrabenzo[a,d,j,m]coronene 	-1.498651	1.78284	1.867214246	-1.951588492	0.18107	0.52945	0.01319	2.16148723	1.996073498	-1.830659766	6.336576164	1.247011061	1240.036	120	0.912341043	3.638568899	1001	CASTEP	2 x 8 x 2	2 x 8 x 2	4 x 16 x 4	2.7369	2.1178	0.6191	7.0461918947106	2.2533	5.291		3.0377000000000005	0.3008000000000006	0.9199000000000006
75	SURTAA	Indeno(7,7a,1,2,3-lmno)-1,12-ethenochrysene 	-1.4892767	1.69915	1.812090064	-1.925030128	0.39436	0.14121	0.071783333	2.13832922	1.990431368	-1.842533516	7.174929466	1.430470333	756.089	144	0.836848758	3.339176828	300	CASTEP	8 x 2 x 1	8 x 2 x 1	16 x 4 x 2	2.6882557	2.0887662	0.5994895000000002	7.33013452172083	1.4374	4.6623		3.2249	0.5366442999999999	1.1361338
76	TAYSUJ	9,11,13,14,15,16,18,20-Octaphenyldibenzo[de,c1d1]heptacene 	-0.16332312000000004	0.85558	0.791258056	-0.726936112	0.03338	0.00984	0.005596667	0.91756907	0.707226431	-0.496883792	5.402050379	2.056357041	2674.169	272	0.765731478	3.040978419	1062	CASTEP	4 x 2 x 1	4 x 2 x 1	8 x 4 x 2	1.8085257	0.98592441	0.8226012899999999		2.0632	4.2271		2.1639	0.35537430000000003	1.17797559
77	TBZHCE	Tetrabenzo(de,no,st,c1d1)heptacene	-0.9433107	1.05354	1.25602621	-1.45851242	0.15394	0.31512	0.00148	1.54932508	1.303084322	-1.056843564	6.140981407	1.692877887	1314.679	256	0.86074016	3.412365745	526	CASTEP	1 x 8 x 1	1 x 8 x 1	2 x 16 x 2	2.2925493	1.61793	0.6746193	3.18165998257176	2.5548	4.9772		2.4223999999999997	0.12985069999999954	0.8044699999999996
78	TBZPER	Tetrabenzo(a,cd,j,lm)perylene 	-1.3371735	1.70135	1.7376445	-1.773939	0.07237	0.08602	0.01976	1.94708417	1.751398737	-1.555713304	6.339577676	1.298956599	1064.11	416	0.836773424	3.92453522	426	CASTEP	2 x 1 x 4	2 x 1 x 4	4 x 2 x 8	2.7558297	2.0465016	0.7093281		2.345	5.557		3.212	0.45617030000000014	1.1654984000000002
79	TBZPYR	β-Tribenzopyrene 	-1.4080396	1.84585	1.907766646	-1.969683292	0.3134	0.18753	0.055396667	2.20377818	1.961816519	-1.719854858	6.556504742	1.04763684	882.81	88	0.83029039	3.304521146	352	CASTEP	8 x 2 x 2	8 x 2 x 2	16 x 4 x 4	2.6568044	2.032422	0.6243824	6.08778143056946	1.6273	5.2252		3.5979	0.9410956000000001	1.5654780000000001
80	TEBNAP	Dibenzo(g,p)chrysene 	-1.7379	2.37185	2.404681678	-2.437513356	0.11511	0.04386	0.034476667	2.64614569	2.36342011	-2.08069453	6.821115502	0.724746537	825.037	168	0.796166253	3.72714488	328	CASTEP	2 x 4 x 2	2 x 4 x 2	4 x 8 x 4	3.3444888	2.5411944	0.8032944	2.86207465513428	1.3099	5.4865		4.1766000000000005	0.8321112000000004	1.6354056000000003
81	TERPHE02	p-Terphenyl 	-2.0961168	2.63744	2.677298107	-2.717156214	0.16393	0.34271	0.016206667	2.92096088	2.669282536	-2.417604192	7.172023022	0.572178923	588.783	64	0.744144483	3.007784413	230	FHI-aims	4 x 4 x 2	4 x 4 x 2	8 x 8 x 4	4.1694132	3.132765	1.0366482000000001		0.32147	4.7321		4.41063	0.24121680000000012	1.2778650000000003
82	TERPHO02	1,2-Diphenylbenzene 	-2.3645259	3.362	3.472049768	-3.582099536	0.07122	0.17254	0.015126667	3.71137562	3.433671237	-3.155966854	7.538909048	-0.023135844	587.878	128	0.70167238	3.246650745	230	CASTEP	2 x 4 x 2	2 x 4 x 2	4 x 8 x 4	4.4518457	3.4081858	1.0436598999999998		-0.36463	5.1319		5.49653	1.0446843000000001	2.0883442
83	TETCEN01	Tetracene	-0.4441949	1.09876	1.217567706	-1.336375412	0.21531	0.28687	0.037506667	1.62896857	1.331382992	-1.033797414	6.539964682	1.157463241	576.833	60	0.796884594	3.206722615	228	CASTEP	4 x 4 x 2	4 x 4 x 2	8 x 8 x 4	2.2350611	1.339628	0.8954330999999998	7.168287097	1.2959	3.9768		2.6809	0.44583890000000004	1.3412719999999998
84	TPHBEN01	1,3,5-Triphenylbenzene 	-2.5597121	3.08905	3.196457639	-3.303865278	0.21519	0.14528	0.034893333	3.62436999	3.318849772	-3.013329554	7.35589922	0.316930426	786.486	168	0.723797988	2.929034602	306	CASTEP	4 x 2 x 2	4 x 2 x 2	8 x 4 x 4	4.0990643	3.3293882	0.7696761000000003	2.629400208	0.17241	5.2853		5.11289	1.0138257	1.7835018000000002
85	TRIPHE12	Triphenylene	-2.5203489	2.97412	3.105837863	-3.237555726	0.17368	0.16037	0.036993333	3.55900353	3.278228937	-2.997454344	7.535402567	0.099456407	572.886	120	0.798022532	3.16055076	228	FHI-aims	4 x 2 x 2	4 x 2 x 2	8 x 4 x 4	3.7282466	3.1345675	0.5936790999999997	4.15974528029782	0.53985	5.3652		4.825349999999999	1.0971033999999995	1.6907824999999992
86	VEBJAO	1,2,3,4,6,8,9,10,11,13-Decaphenylpentacene 	-0.0705298	1.00826	0.926679267	-0.845098534	0.01269	0.01318	0.001776667	1.05368763	0.821857502	-0.590027374	5.480729996	1.886124265	2625.36	544	0.747768024	2.983684534	1038	CASTEP	1 x 4 x 1	1 x 4 x 1	2 x 8 x 2	2.0533131	1.0590545	0.9942586	3.84979052776208	1.423	3.9257		2.5027	0.4493868999999999	1.4436455
87	VEBJES	5,7,12,14-Tetraphenylpentacene 	0.031015899999999874	1.00414	0.925934886	-0.847729772	0.03122	0.01432	0.005083333	1.07363098	0.828595545	-0.58356011	5.749360346	1.704885696	1478.225	152	0.723586315	2.887750795	582	CASTEP	1 x 4 x 2	1 x 4 x 2	2 x 8 x 4	2.0107503	0.92907243	1.0816778700000003	3.8393313777669	1.2215	3.7803		2.5587999999999997	0.5480496999999995	1.6297275699999998
88	VEBJIW	6,13-Diphenylpentacene 	-0.0011665999999999066	0.8601	0.913783694	-0.967467388	0.09024	0.07031	0.018763333	1.09539174	0.835411695	-0.57543165	5.924363049	1.658232989	1089.303	448	0.730846514	2.92410641	430	CASTEP	2 x 2 x 2	2 x 2 x 2	4 x 4 x 4	2.2438022	1.0868408	1.1569614000000001	2.59825926775602	1.7602	4.3304		2.5702	0.3263977999999996	1.4833591999999998
89	VEBJOC	1,4,6,8,11,13-Hexaphenylpentacene 	0.0051381	0.92642	0.820390119	-0.714360238	0.07836	0.13078	0.007833333	1.04205861	0.808381754	-0.574704898	5.633828621	1.826982219	1868.692	96	0.767761865	3.088541942	734	CASTEP	4 x 2 x 2	4 x 2 x 2	8 x 4 x 4	1.9587241	0.97457252	0.9841515799999999	4.53091015570769	1.4317	3.7568		2.3251	0.3663759	1.3505274799999998
90	VEBKAP	6-Phenylpentacene 	-0.23484498	0.60127	0.722682189	-0.844094378	0.10067	0.0852	0.080713333	1.11892762	0.854350257	-0.589772894	6.043494144	1.618637239	895.909	184	0.761768336	3.023980806	354	CASTEP	2 x 2 x 2	2 x 2 x 2	4 x 4 x 4	1.6741934	0.96323054	0.7109628600000001	4.292474551	1.4317	3.7568		2.3251	0.6509065999999999	1.3618694599999999
91	VEHCAM	9,10,11,12,13,14-Hexaphenylbenzo(b)triphenylene 	-1.7172099	2.10635	2.122239986	-2.138129972	0.02153	0.05433	0.01489	2.26549363	2.049649643	-1.833805656	6.306743305	1.244251842	1850.093	384	0.72610235	2.87219407	734	CASTEP	2 x 2 x 1	2 x 2 x 1	4 x 4 x 2	3.3703373	2.5437736	0.8265636999999999	3.7740002381598	0.85779	4.7993		3.9415099999999996	0.5711726999999995	1.3977363999999994
92	VUFHUA	Acenaphtho[3,2,1,8-fghij]tetrabenzo[a,c,m,o]picene 	-2.2893605	1.92222	2.17304372	-2.42386744	0.35875	0.48469	0.07287	2.52460799	2.407233477	-2.289858964	6.671436022	1.336764403	1363.4	268	0.913153779	4.518702466	550	CASTEP	2 x 1 x 8	2 x 1 x 8	4 x 2 x 16	3.1603379	2.7248492	0.43548870000000006	6.38168244900154	2.1946	5.5894		3.3948000000000005	0.23446210000000045	0.6699508000000005
93	XECJIZ	5,12-Diphenyltetracene 	-0.4143996	1.19171	1.211018797	-1.230327594	0.08349	0.21319	0.044116667	1.5653897	1.27751219	-0.98963468	6.267906106	1.287676475	964.668	100	0.77271382	3.122210244	380	CASTEP	4 x 2 x 2	4 x 2 x 2	8 x 4 x 4	2.2511282	1.3327639	0.9183643000000001	4.011823943	1.4015	4.2267		2.8252	0.5740718	1.4924361000000002
94	YITJAN	5-Phenyltetraphene 	-1.5686669	2.15013	2.19476934	-2.240271568	0.03148	0.03708	0.0567	2.48265119	2.177211353	-1.871771516	6.869508657	0.766102648	771.963	320	0.766929575	3.57123988	304	CASTEP	2 x 1 x 4	2 x 1 x 4	4 x 2 x 8	3.4544993	2.5115831	0.9429162	3.49952206465219	0.94416	5.1707		4.22654	0.7720406999999998	1.7149568999999998
95	YOFCUR	Benzo(1,2,3-bc:4,5,6-b',c')dicoronene 	-1.2902236999999999	1.41848	1.522684022	-1.626888044	0.28257	0.2355	0.002106667	1.74923892	1.615327826	-1.481416732	6.057957194	1.643983758	1463.507	136	0.940468828	3.720680655	596	CASTEP	2 x 8 x 1	2 x 8 x 1	4 x 16 x 2	2.1705355	1.7303796	0.44015590000000016	3.89872356100582	3.0021	5.5328		2.5307	0.3601644999999998	0.8003203999999999
96	YUNYAJ	benzo[lm]chryseno[1,12,11,10-opqrab]perylene 	-0.9990657	1.34454	1.508228747	-1.671917494	0.15698	0.48015	0.017976667	1.75980867	1.589764769	-1.419720868	6.240025625	1.40176624	1047.475	100	0.920042078	3.659280025	849	CASTEP	2 x 4 x 2	2 x 4 x 2	4 x 8 x 4	2.3635	1.6813	0.6822000000000001	7.51029503599636	2.3755	4.9043		2.5288	0.16529999999999978	0.8474999999999999
97	ZZZDKE01	Hexacene	-0.0699198999999999	0.44081	0.412285378	-0.383760756	0.21254	0.27868	0.064963333	0.78509189	0.54046836	-0.29584483	5.856389598	1.887432301	829.287	84	0.835747548	3.379013539	328	CASTEP	4 x 4 x 2	4 x 4 x 2	8 x 8 x 4	1.1671669	0.6185434	0.5486235	1.665654896	2.0616	3.5796		1.5180000000000002	0.35083310000000023	0.8994566000000003
98	ZZZNKU01	p-Quinquephenyl 	-1.8316156	2.14776	2.243411413	-2.339062826	0.13272	0.34751	0.01155	2.39829125	2.241662208	-2.085033166	6.510116039	1.238810901	979.209	104	0.777513311	3.713367867	382	FHI-aims	1 x 4 x 4	1 x 4 x 4	2 x 8 x 8	3.3492778	2.5904467	0.7588310999999996		0.90298	4.8514		3.94842	0.5991422000000002	1.3579732999999998
99	ZZZNTQ01	p-Sexiphenyl 	-1.8795592	2.02512	2.113756978	-2.202393956	0.12785	0.35003	0.010723333	2.2738144	2.141995826	-2.010177252	6.317458032	1.435026893	1174.448	124	0.783819922	3.179800796	458	FHI-aims	1 x 4 x 4	1 x 4 x 4	2 x 8 x 8	3.213325	2.5464421	0.6668829000000001	3.9678462654352	1.1364	4.8463		3.7099	0.496575	1.1634579
100	ZZZOYC01	Picene	-1.9414561	2.31318	2.57179032	-2.83040064	0.55072	0.28001	0.069396667	2.95012428	2.724236258	-2.498348236	7.03357399	0.516605133	702.622	72	0.789354456	3.14698368	278	CASTEP	4 x 4 x 2	4 x 4 x 2	8 x 8 x 4	3.3609245	2.6511903	0.7097341999999998	4.26888992177753	1.0646	5.1223		4.0577000000000005	0.6967755000000007	1.4065097000000004
